date,open,high,low,close,volume
2017-03-28,72.12,72.12,72.12,72.12,13633
2017-03-29,79.33,79.33,79.33,79.33,6996
2017-03-30,87.26,87.26,87.26,87.26,9696
2017-03-31,95.99,95.99,95.99,95.99,60525
2017-04-05,105.59,105.59,105.59,105.59,175453
2017-04-06,110.0,116.15,105.6,116.15,13385729
2017-04-07,119.6,125.18,112.42,113.99,14809769
2017-04-10,109.0,117.02,108.01,114.99,9094744
2017-04-11,111.2,114.2,106.0,108.76,7565538
2017-04-12,110.11,110.99,101.38,102.21,6564538
2017-04-13,100.1,107.26,100.06,105.93,6081405
2017-04-14,104.4,105.3,102.4,102.94,2960211
2017-04-17,99.62,105.32,99.1,104.06,3959694
2017-04-18,104.36,109.9,104.08,106.2,3908021
2017-04-19,105.48,109.31,104.2,107.62,3153389
2017-04-20,107.68,110.7,105.22,106.56,3898162
2017-04-21,105.8,107.8,103.85,106.02,2580943
2017-04-24,104.97,107.79,102.11,106.59,2602540
2017-04-25,106.11,108.68,106.11,107.39,1681142
2017-04-26,107.0,110.5,106.41,109.42,2448988
2017-04-27,108.93,109.71,105.12,108.47,1995546
2017-04-28,108.11,109.8,104.88,105.58,2116302
2017-05-10,104.0,110.0,101.31,106.64,3756781
2017-05-11,105.0,106.64,104.0,105.15,1718809
2017-05-12,105.05,106.33,102.21,103.86,1594782
2017-05-15,103.6,106.19,103.6,105.19,1385008
2017-05-16,104.85,106.08,103.55,105.69,1666899
2017-05-17,104.68,109.99,104.68,108.93,2494435
2017-05-18,108.0,112.78,107.99,110.97,3040853
2017-05-19,111.0,113.0,109.51,111.16,1546919
2017-05-22,111.0,114.1,109.02,109.37,2291220
2017-05-23,108.77,111.49,106.0,106.62,1408630
2017-05-24,105.3,111.99,104.6,111.66,2096823
2017-05-25,111.6,111.7,107.18,108.91,1656007
2017-05-26,108.8,109.4,106.0,108.02,1085713
2017-05-31,110.0,111.0,107.5,108.04,1649104
2017-06-01,107.0,107.8,103.87,104.17,1245057
2017-06-02,103.95,105.92,103.52,105.09,820655
2017-06-05,105.6,107.19,104.0,105.24,1245494
2017-06-06,105.28,107.1,104.2,107.0,1098264
2017-06-07,107.0,112.25,106.15,110.69,2158985
2017-06-08,109.78,120.0,109.7,116.43,2753984
2017-06-09,115.15,117.55,114.01,117.09,1401443
2017-06-12,116.63,119.9,114.55,116.19,1764950
2017-06-13,114.72,116.22,112.91,114.57,1191955
2017-06-14,114.43,116.89,112.91,115.14,1033293
2017-06-15,115.19,119.5,113.05,114.39,1380890
2017-06-16,113.78,114.97,113.1,114.37,478782
2017-06-19,114.89,115.2,112.02,113.39,782536
2017-06-20,113.39,113.78,109.99,110.15,1430783
2017-06-21,110.3,111.4,107.2,111.08,721901
2017-06-22,110.5,111.29,107.78,107.86,1164126
2017-06-23,107.8,109.6,106.63,108.8,708004
2017-06-26,108.01,112.72,107.51,112.25,1102502
2017-06-27,112.0,112.87,110.22,110.82,647415
2017-06-28,111.5,111.5,108.21,108.58,621161
2017-06-29,108.11,109.34,108.11,108.43,331178
2017-06-30,108.68,110.57,108.03,109.86,736418
2017-07-03,109.98,111.35,109.52,110.87,526536
2017-07-04,111.11,111.3,109.75,110.02,456402
2017-07-05,110.02,111.65,109.0,111.5,587309
2017-07-06,111.13,113.44,111.13,111.95,909299
2017-07-07,112.01,114.97,111.65,113.5,1066064
2017-07-10,112.02,112.58,109.22,110.36,1008793
2017-07-11,110.4,111.39,109.0,109.13,582748
2017-07-12,109.49,109.49,106.5,108.05,709878
2017-07-13,108.0,108.85,107.01,107.43,320336
2017-07-14,106.88,107.84,106.66,107.26,312435
2017-07-17,107.25,108.0,103.45,103.98,1260636
2017-07-18,103.0,105.7,103.0,104.8,483368
2017-07-19,104.49,107.0,103.8,106.32,521398
2017-07-20,105.5,107.8,105.5,107.71,529731
2017-07-21,107.92,107.92,106.39,106.93,369821
2017-07-24,106.95,107.22,105.06,105.36,889828
2017-07-25,105.2,106.47,105.19,106.35,349961
2017-07-26,105.63,106.77,104.3,104.72,521495
2017-07-27,105.27,106.84,104.46,105.99,526461
2017-07-28,105.55,106.69,105.51,105.89,289255
2017-07-31,105.9,107.0,104.6,104.99,735429
2017-08-01,104.3,105.97,103.38,103.95,530277
2017-08-02,104.57,104.99,100.01,100.61,1824514
2017-08-03,100.94,100.99,97.99,98.56,1714190
2017-08-04,99.06,99.58,96.8,96.81,816496
2017-08-07,96.81,100.38,96.81,99.6,713840
2017-08-08,99.6,100.49,98.6,98.94,989222
2017-08-09,98.95,99.79,98.88,99.16,384957
2017-08-10,99.2,99.89,98.33,99.06,673810
2017-08-11,98.11,99.5,97.7,98.36,308428
2017-08-14,98.36,101.18,98.36,100.87,344505
2017-08-15,101.5,101.88,98.78,99.95,614392
2017-08-16,99.3,101.25,98.7,100.14,298300
2017-08-17,99.88,100.01,99.01,99.42,178440
2017-08-18,99.11,99.47,98.55,98.91,221650
2017-08-21,99.17,100.99,99.01,100.85,601974
2017-08-22,100.4,101.1,99.8,100.69,317658
2017-08-23,100.65,101.66,100.03,100.9,404718
2017-08-24,101.5,101.5,100.54,100.69,153678
2017-08-25,99.8,101.1,99.8,101.0,139262
2017-08-28,101.0,106.2,101.0,104.98,730335
2017-08-29,105.0,105.0,103.51,103.81,321951
2017-08-30,103.95,105.57,103.33,105.54,343813
2017-08-31,105.49,105.8,104.52,104.9,374100
2017-09-01,104.44,105.57,101.5,102.79,987451
2017-09-04,102.75,103.69,101.88,102.42,721822
2017-09-05,102.0,103.25,101.02,102.25,466362
2017-09-06,102.25,102.65,101.8,102.43,446051
2017-09-07,102.43,104.84,102.2,104.71,603682
2017-09-08,104.4,104.89,102.44,102.99,557400
2017-09-11,103.0,104.5,102.0,104.23,517253
2017-09-12,103.9,105.49,103.85,104.94,528829
2017-09-13,104.94,104.94,103.02,103.6,278504
2017-09-14,103.6,103.98,101.5,102.13,447467
2017-09-15,102.5,105.25,101.82,105.15,769060
2017-09-18,103.61,106.13,103.58,105.66,477751
2017-09-19,105.01,106.48,104.51,104.93,237515
2017-09-20,105.8,105.8,104.3,104.42,242400
2017-09-21,104.8,104.95,104.31,104.35,157229
2017-09-22,104.11,104.87,102.02,103.02,380842
2017-09-25,102.5,103.97,102.5,102.69,441868
2017-09-26,103.0,103.5,102.04,102.19,243885
2017-09-27,102.77,102.77,101.96,102.22,167961
2017-09-28,102.02,102.95,101.8,102.11,468300
2017-09-29,102.18,102.92,101.9,102.11,298200
2017-10-09,103.0,104.5,102.82,103.54,767411
2017-10-10,104.0,105.23,103.56,104.9,461258
2017-10-11,104.88,115.39,104.12,111.96,2274982
2017-10-12,112.32,116.0,110.02,112.33,823630
2017-10-13,110.71,112.96,109.75,110.66,746163
2017-10-16,110.66,115.28,110.65,111.28,1092887
2017-10-17,112.0,114.8,112.0,114.77,1184927
2017-10-18,115.85,115.85,113.03,114.76,499650
2017-10-19,114.76,114.77,112.22,113.05,373700
2017-10-20,112.11,112.67,110.68,112.41,314035
2017-10-23,112.97,115.55,112.0,115.32,692836
2017-10-24,115.6,115.6,113.62,114.56,393439
2017-10-25,114.95,122.1,114.01,121.73,1682771
2017-10-26,120.51,122.26,118.32,119.61,1247584
2017-10-27,119.0,121.74,118.6,120.43,881636
2017-10-30,120.6,121.83,117.02,119.21,1094675
2017-10-31,119.78,121.67,117.34,117.83,701355
2017-11-01,119.0,121.1,118.18,120.23,1124221
2017-11-02,120.3,124.35,118.51,118.76,1438695
2017-11-03,117.88,120.98,117.6,118.86,677876
2017-11-06,120.0,123.78,119.4,123.44,890467
2017-11-07,124.39,125.18,122.0,123.19,591174
2017-11-08,123.9,123.9,120.89,121.8,1048682
2017-11-09,122.0,127.06,120.62,126.49,1342228
2017-11-10,126.96,130.85,125.5,127.7,1067475
2017-11-13,128.12,130.77,127.51,128.02,792459
2017-11-14,128.0,129.24,124.05,126.22,982281
2017-11-15,124.6,127.2,123.3,125.85,812739
2017-11-16,125.82,127.4,124.61,125.19,659837
2017-11-17,125.81,125.81,117.43,118.06,1378676
2017-11-20,116.0,119.78,115.12,119.29,752451
2017-11-21,119.0,121.88,118.11,119.62,826957
2017-11-22,119.5,119.62,115.06,115.88,1513986
2017-11-23,115.81,117.57,112.88,112.96,714864
2017-11-24,112.75,114.49,112.5,112.5,547187
2017-11-27,112.26,114.99,110.01,110.97,875415
2017-11-28,111.22,113.7,111.21,113.34,642218
2017-11-29,113.11,113.62,109.55,111.32,608117
2017-11-30,111.32,112.5,110.0,110.93,415846
2017-12-01,111.01,113.48,110.31,112.95,727007
2017-12-04,112.95,113.38,108.96,110.8,914272
2017-12-05,109.71,111.3,109.33,110.92,399394
2017-12-06,110.92,112.58,109.51,111.28,461061
2017-12-07,111.7,111.7,107.8,108.88,801013
2017-12-08,108.89,112.56,108.0,112.47,539364
2017-12-11,111.85,116.98,111.6,115.45,791500
2017-12-12,115.94,116.99,115.01,116.45,884575
2017-12-13,116.5,117.19,115.28,116.92,554837
2017-12-14,117.0,120.77,116.2,119.56,781473
2017-12-15,119.8,120.38,118.5,119.1,417057
2017-12-18,120.79,122.8,117.5,118.58,446085
2017-12-19,119.25,122.43,118.6,121.9,695908
2017-12-20,122.32,122.55,121.01,121.58,341229
2017-12-21,121.77,123.17,120.71,121.94,269976
2017-12-22,122.1,122.48,120.75,121.0,223908
2017-12-25,121.0,122.47,120.09,121.96,888647
2017-12-26,122.18,123.27,118.35,119.5,1035835
2017-12-27,119.17,119.6,116.85,118.65,614665
2017-12-28,118.65,119.99,116.33,117.07,699517
2017-12-29,117.49,119.88,117.26,118.05,346043
2018-01-02,119.5,122.02,118.0,121.5,625362
2018-01-03,121.38,122.6,120.57,121.53,523384
2018-01-04,120.75,125.5,120.75,124.4,754476
2018-01-05,124.39,125.3,123.05,124.51,379229
2018-01-08,124.93,128.0,124.5,127.03,523182
2018-01-09,126.89,128.66,125.33,128.06,550680
2018-01-10,128.6,129.95,127.0,128.18,529233
2018-01-11,127.86,128.69,124.88,125.0,703916
2018-01-12,125.21,130.0,124.88,129.26,830873
2018-01-15,129.05,135.0,128.3,134.68,1052010
2018-01-16,134.1,140.2,134.1,139.49,1252828
2018-01-17,139.8,141.2,135.81,139.03,628226
2018-01-18,140.45,146.58,138.05,141.58,817970
2018-01-19,139.5,142.5,136.8,136.98,848118
2018-01-22,136.5,140.68,135.0,138.37,692597
2018-01-23,139.05,145.0,138.5,142.7,593295
2018-01-24,143.0,143.44,137.15,139.03,800488
2018-01-25,140.0,140.0,138.05,138.63,603929
2018-01-26,138.2,142.49,136.6,141.51,439811
2018-01-29,141.7,142.9,134.1,135.41,766356
2018-01-30,135.41,137.48,133.0,133.0,703659
2018-01-31,134.2,146.3,133.35,142.94,1596260
2018-02-01,143.58,150.85,136.5,137.77,897772
2018-02-02,138.71,144.88,136.6,139.88,677951
2018-02-05,140.0,142.0,135.51,139.23,643027
2018-02-06,136.5,137.41,130.0,131.13,964016
2018-02-07,133.94,135.07,131.0,132.97,706533
2018-02-08,133.0,140.49,132.67,134.27,807740
2018-02-09,132.0,132.72,124.5,127.03,520795
2018-02-12,127.62,137.73,127.22,137.04,951888
2018-02-13,137.9,144.58,137.88,140.91,837084
2018-02-14,140.66,146.5,140.66,146.29,732265
2018-02-22,148.88,153.2,147.65,151.03,707410
2018-02-23,151.03,154.32,148.32,149.9,714616
2018-02-26,152.5,152.5,144.11,146.48,1002704
2018-02-27,147.93,147.99,134.68,141.99,1529184
2018-02-28,139.0,141.5,136.01,138.04,863802
2018-03-01,137.9,140.94,136.0,138.52,572926
2018-03-02,139.08,140.5,136.92,139.73,408105
2018-03-05,139.65,142.52,137.51,140.98,443499
2018-03-06,140.98,142.49,140.0,140.61,424081
2018-03-07,140.99,142.8,138.0,138.67,495554
2018-03-08,140.0,144.86,136.0,144.3,536444
2018-03-09,144.38,144.42,142.11,142.73,374171
2018-03-12,142.73,144.3,139.0,142.7,529811
2018-03-13,143.0,144.7,140.65,141.26,404676
2018-03-14,140.8,141.0,138.08,140.04,314390
2018-03-15,140.04,142.98,139.05,140.85,471025
2018-03-16,139.8,147.77,139.8,145.72,838830
2018-03-19,145.8,147.5,143.1,144.88,562499
2018-03-20,144.06,144.86,138.85,141.75,545946
2018-03-21,142.36,143.5,140.58,142.51,437055
2018-03-22,141.63,142.99,138.9,139.0,305017
2018-03-23,136.0,137.85,131.88,133.43,671295
2018-03-26,131.0,133.62,128.0,132.24,631500
2018-03-27,133.99,138.5,132.8,138.01,438095
2018-03-28,137.0,138.0,129.0,131.51,517076
2018-03-29,132.31,141.5,130.03,140.69,650143
2018-03-30,140.46,142.03,139.48,140.66,464435
2018-04-02,139.8,140.99,136.85,137.8,320452
2018-04-03,138.0,138.0,135.68,137.34,274043
2018-04-04,137.93,138.1,135.55,136.12,376522
2018-04-09,136.43,136.43,133.5,134.56,347881
2018-04-10,136.02,138.32,134.18,138.15,350163
2018-04-11,138.5,140.5,137.36,140.08,485061
2018-04-12,140.0,140.18,137.0,137.06,277162
2018-04-13,137.5,138.58,135.02,136.39,181653
2018-04-16,136.82,136.82,133.0,135.07,359830
2018-04-17,134.2,136.9,132.41,132.54,334753
2018-04-18,132.81,133.77,129.98,131.29,361057
2018-04-19,130.5,134.98,130.5,133.89,290037
2018-04-20,134.5,136.35,132.66,135.51,571310
2018-04-23,136.49,136.49,133.3,135.11,606015
2018-04-24,135.15,139.2,135.15,138.98,615105
2018-04-25,138.38,139.6,138.38,139.53,548847
2018-04-26,138.6,139.78,135.6,136.2,635492
2018-04-27,136.58,138.5,134.22,136.59,458389
2018-05-02,137.8,138.0,134.6,135.9,472408
2018-05-03,135.0,137.92,135.0,137.32,395809
2018-05-04,137.33,139.04,136.02,136.47,415658
2018-05-07,136.0,145.18,136.0,141.48,1404238
2018-05-08,141.48,143.44,140.5,141.22,572231
2018-05-09,140.44,142.05,140.44,140.62,375804
2018-05-10,141.76,141.76,140.03,141.15,523347
2018-05-11,141.65,145.29,141.15,141.9,889228
2018-05-14,141.0,147.3,140.88,146.93,763794
2018-05-15,145.64,148.5,144.18,147.42,570594
2018-05-16,147.88,149.88,146.2,147.58,418845
2018-05-17,148.3,148.3,143.1,147.3,404158
2018-05-18,146.59,149.0,145.11,147.84,403433
2018-05-21,146.0,148.59,145.0,146.98,391384
2018-05-22,147.03,149.89,146.1,149.55,579625
2018-05-23,149.02,150.28,148.0,150.02,668233
2018-05-24,150.01,150.01,145.23,145.78,546833
2018-05-25,145.81,147.63,143.51,145.75,293904
2018-05-28,145.0,146.8,143.91,145.45,484634
2018-05-29,144.31,145.7,141.07,141.96,895407
2018-05-30,140.0,143.99,138.9,143.28,580395
2018-05-31,143.47,144.05,140.0,143.37,945771
2018-06-01,143.37,143.4,137.68,138.4,927325
2018-06-04,138.51,142.5,138.51,141.9,637728
2018-06-05,142.93,143.86,141.1,143.76,484156
2018-06-06,143.0,144.88,140.71,142.23,498602
2018-06-07,143.45,144.69,142.0,144.33,520557
2018-06-08,144.35,144.98,142.01,143.26,866785
2018-06-11,143.44,143.44,140.4,142.38,556724
2018-06-12,142.0,143.73,141.25,143.39,578629
2018-06-13,143.66,144.98,141.56,141.97,459630
2018-06-14,141.97,146.0,141.15,143.4,938479
2018-06-15,144.1,144.19,140.0,142.0,333080
2018-06-19,141.38,141.98,135.01,138.14,497922
2018-06-20,136.66,143.5,134.03,142.2,769227
2018-06-21,141.28,143.5,137.13,137.46,426311
2018-06-22,138.0,139.87,135.94,138.98,342589
2018-06-25,140.0,140.5,136.0,137.04,472816
2018-06-26,134.1,135.99,130.8,131.99,753511
2018-06-27,131.99,134.0,125.48,126.94,604949
2018-06-28,125.5,127.49,123.96,125.81,593245
2018-06-29,125.99,128.99,124.0,127.53,693543
2018-07-02,125.0,126.98,120.0,121.79,598188
2018-07-03,120.5,123.99,117.09,119.55,565904
2018-07-04,119.0,120.8,118.8,119.55,425411
2018-07-05,117.03,121.13,117.03,118.5,296566
2018-07-06,119.88,120.33,117.96,118.6,451610
2018-07-09,119.49,124.1,118.04,121.82,653016
2018-07-10,121.27,121.97,118.88,120.37,383622
2018-07-11,118.68,119.01,113.36,117.94,669414
2018-07-12,114.77,121.1,114.77,120.52,834304
2018-07-13,120.52,121.91,119.0,121.18,446417
2018-07-16,109.06,121.17,109.06,118.04,589862
2018-07-17,118.02,119.75,114.15,114.93,716052
2018-07-18,114.5,116.86,114.2,114.95,544401
2018-07-19,115.0,118.88,114.9,115.9,751090
2018-07-20,115.1,117.6,114.66,115.12,483434
2018-07-23,115.12,115.96,111.05,113.1,631302
2018-07-24,112.05,121.2,111.2,118.38,1083446
2018-07-25,118.38,122.0,118.0,118.88,553686
2018-07-26,117.32,120.01,113.86,117.35,580227
2018-07-27,117.54,118.85,115.61,116.05,505033
2018-07-30,117.5,117.5,113.26,114.16,627974
2018-07-31,113.6,115.11,110.6,111.71,669787
2018-08-01,112.5,114.97,112.5,112.91,786424
2018-08-02,111.0,112.0,106.02,107.98,1014709
2018-08-03,106.5,109.06,104.57,105.0,701267
2018-08-06,104.63,105.5,100.2,100.85,568401
2018-08-07,102.0,103.68,100.31,103.11,998531
2018-08-08,103.0,103.0,96.0,98.16,936839
2018-08-09,97.41,102.98,96.11,101.36,1337179
2018-08-10,100.9,105.0,100.9,103.19,1374305
2018-08-13,102.78,104.78,99.99,102.82,730719
2018-08-14,103.57,103.75,99.82,100.05,585096
2018-08-15,100.5,101.42,97.48,97.84,950946
2018-08-16,95.51,98.98,95.51,97.47,855032
2018-08-17,99.0,99.27,89.94,92.88,1190421
2018-08-20,92.88,94.49,91.61,94.39,642856
2018-08-21,94.39,100.47,94.39,99.3,689926
2018-08-22,99.0,99.0,97.11,97.9,616053
2018-08-23,97.79,98.87,93.56,95.7,435388
2018-08-24,95.86,100.9,95.48,99.85,1194859
2018-08-27,100.6,103.95,98.0,103.95,949046
2018-08-28,103.0,103.0,97.59,98.51,776954
2018-08-29,98.0,98.55,95.97,97.77,384765
2018-08-30,98.0,100.8,97.0,100.04,542725
2018-08-31,98.0,98.0,91.51,95.77,997969
2018-09-03,95.39,96.5,93.53,95.51,612483
2018-09-04,94.5,97.48,94.5,95.98,360116
2018-09-05,96.07,96.15,94.75,94.84,285911
2018-09-06,94.5,94.5,90.3,90.36,813284
2018-09-07,90.5,93.9,90.5,91.83,684184
2018-09-10,92.09,93.8,84.3,84.58,1367854
2018-09-11,84.2,86.41,83.28,84.29,789711
2018-09-12,84.0,85.19,82.53,84.83,652098
2018-09-13,85.78,86.97,84.5,86.48,657367
2018-09-14,87.19,88.49,85.37,88.38,546851
2018-09-17,88.0,88.0,81.51,82.63,767135
2018-09-18,82.03,88.0,82.03,87.6,766056
2018-09-19,87.71,93.79,85.19,92.73,1342501
2018-09-20,92.23,93.6,90.58,91.9,995652
2018-09-21,91.77,96.6,91.26,96.6,885839
2018-09-25,94.48,94.88,91.88,93.91,554205
2018-09-26,93.01,94.98,92.0,93.5,490516
2018-09-27,92.95,94.39,92.05,93.51,338368
2018-09-28,93.59,95.03,93.59,94.75,427793
2018-10-08,93.0,93.0,87.07,88.02,688654
2018-10-09,89.41,92.0,89.41,90.75,820039
2018-10-10,93.4,95.49,90.33,90.55,472930
2018-10-11,88.4,89.65,87.0,87.35,453179
2018-10-12,84.6,88.0,81.17,83.51,1409834
2018-10-15,83.86,83.86,75.35,75.8,1502454
2018-10-16,75.89,78.26,75.13,76.5,783192
2018-10-17,77.18,78.25,74.76,76.96,737770
2018-10-18,76.97,76.97,73.5,74.49,590012
2018-10-19,72.3,76.56,72.15,76.45,604597
2018-10-22,76.64,81.0,76.5,79.6,1000654
2018-10-23,78.95,78.95,74.56,75.57,773687
2018-10-24,75.0,76.95,74.1,74.87,528792
2018-10-25,72.99,72.99,68.8,70.2,1485714
2018-10-26,70.99,74.4,70.25,72.33,1369225
2018-10-29,72.63,73.94,68.0,69.08,1121797
2018-10-30,68.8,71.9,68.5,71.73,1021311
2018-10-31,71.82,74.46,71.82,73.63,1177752
2018-11-01,75.45,78.22,75.41,77.0,1453277
2018-11-02,78.2,80.9,76.8,80.0,1133348
2018-11-05,78.0,81.99,78.0,81.85,1177168
2018-11-06,80.23,81.85,78.5,80.65,647600
2018-11-07,79.6,81.5,78.54,79.6,618470
2018-11-08,80.59,81.48,79.2,79.36,439258
2018-11-09,79.89,80.3,76.99,79.35,489700
2018-11-12,79.99,81.5,79.05,80.82,580347
2018-11-13,79.0,82.0,79.0,81.75,435112
2018-11-14,81.2,84.5,80.08,80.65,939801
2018-11-15,80.97,85.85,80.8,85.4,1005893
2018-11-16,85.3,89.49,85.01,87.99,1082939
2018-11-19,86.22,89.39,86.22,87.19,637321
2018-11-20,88.5,88.5,84.59,85.0,564337
2018-11-21,84.9,85.32,82.0,84.57,469417
2018-11-22,84.2,85.75,81.6,82.02,783270
2018-11-23,83.65,84.6,81.0,82.43,763519
2018-11-26,81.01,81.71,79.6,80.1,687924
2018-11-27,81.47,82.43,79.2,80.08,373857
2018-11-28,81.95,81.95,76.32,80.5,484702
2018-11-29,81.92,82.0,78.54,79.01,412797
2018-11-30,78.04,80.84,78.04,80.0,676588
2018-12-03,81.52,85.48,81.11,83.9,770718
2018-12-04,83.88,85.8,82.8,85.06,400026
2018-12-05,81.42,84.8,81.0,84.0,323264
2018-12-06,83.74,85.05,82.0,82.89,418674
2018-12-07,84.17,84.89,82.5,84.01,393257
2018-12-10,83.22,83.94,78.8,79.83,770626
2018-12-11,80.57,81.89,80.05,81.8,460239
2018-12-12,83.08,85.8,82.8,84.53,543849
2018-12-13,85.99,90.6,83.2,89.15,1621491
2018-12-14,89.1,90.9,86.67,86.67,803089
2018-12-17,87.91,88.97,86.1,86.25,869981
2018-12-18,85.8,87.88,83.5,87.67,748353
2018-12-19,86.19,86.7,82.78,83.32,697817
2018-12-20,83.45,84.6,81.79,82.9,348021
2018-12-21,82.76,82.9,81.0,82.09,380539
2018-12-24,81.62,84.49,81.52,84.0,535968
2018-12-25,82.0,83.95,82.0,82.78,459974
2018-12-26,83.03,83.7,81.38,81.52,357089
2018-12-27,82.3,82.88,80.08,80.8,622824
2018-12-28,80.48,81.45,79.5,79.72,398106
2019-01-02,79.75,80.8,76.71,77.31,287100
2019-01-03,77.56,78.48,75.76,75.88,281328
2019-01-04,74.51,79.24,74.4,77.66,474530
2019-01-07,77.68,82.0,77.68,80.88,810361
2019-01-08,80.5,80.94,79.72,80.03,255336
2019-01-09,81.58,83.96,80.51,82.47,605998
2019-01-10,83.0,85.38,80.61,84.25,579344
2019-01-11,84.8,84.92,82.17,83.41,367399
2019-01-14,84.06,86.54,80.9,82.0,446815
2019-01-15,82.8,84.96,80.22,84.23,658957
2019-01-16,84.23,87.8,83.37,86.91,555996
2019-01-17,86.7,90.0,85.1,88.35,580004
2019-01-18,89.22,90.38,88.11,90.08,842538
2019-01-21,89.35,90.08,87.9,88.5,878686
2019-01-22,89.2,89.2,85.79,86.97,665841
2019-01-23,87.77,89.9,87.17,88.88,620920
2019-01-24,88.98,89.38,86.13,86.76,756037
2019-01-25,88.71,92.31,86.5,90.95,1079358
2019-01-28,91.2,98.99,90.24,92.53,1381099
2019-01-29,92.89,93.45,90.01,92.49,549643
2019-01-30,89.5,91.44,87.85,88.0,1170148
2019-01-31,88.09,91.97,88.09,89.92,920353
2019-02-01,91.14,91.14,87.01,89.13,488007
2019-02-11,89.13,94.0,88.5,93.55,968015
2019-02-12,93.5,93.5,91.2,92.84,687092
2019-02-13,92.73,93.6,91.05,93.12,479493
2019-02-14,92.98,95.85,92.01,94.4,564079
2019-02-15,94.2,94.2,90.68,90.96,625638
2019-02-18,90.0,93.65,90.0,93.1,900234
2019-02-19,94.0,94.98,92.47,93.61,1046755
2019-02-20,94.26,94.48,90.99,91.82,866303
2019-02-21,91.7,93.04,88.9,90.65,991517
2019-02-22,90.36,92.24,89.12,91.36,585490
2019-02-25,91.3,100.09,91.18,98.7,1530857
2019-02-26,98.0,99.58,96.9,96.99,1111168
2019-02-27,96.99,98.99,96.0,97.9,1004171
2019-02-28,97.65,97.8,94.0,94.0,781593
2019-03-01,95.53,96.3,93.0,95.07,816144
2019-03-04,95.51,104.58,95.51,101.9,2010288
2019-03-05,104.0,111.26,101.01,108.48,1352171
2019-03-06,111.2,111.2,106.02,108.0,1260098
2019-03-07,107.96,107.96,101.0,104.31,1402817
2019-03-08,101.05,103.05,99.01,100.57,934832
2019-03-11,100.57,103.0,98.05,102.0,876266
2019-03-12,102.0,102.5,99.0,100.35,1307432
2019-03-13,100.35,102.5,99.05,101.9,1126460
2019-03-14,102.0,102.0,99.0,99.51,419880
2019-03-15,99.9,102.5,99.51,101.7,900345
2019-03-18,102.5,107.0,102.0,106.5,1811324
2019-03-19,106.6,111.5,106.6,108.7,2360062
2019-03-20,108.59,109.69,105.01,106.91,529912
2019-03-21,108.0,109.28,106.31,107.98,1457261
2019-03-22,108.0,109.0,106.2,107.9,1086963
2019-03-25,106.8,118.0,106.4,114.5,3505665
2019-03-26,115.35,121.8,115.35,118.93,2150119
2019-03-27,120.99,123.0,114.01,118.58,1023926
2019-03-28,117.29,118.5,114.35,115.4,1053678
2019-03-29,117.66,121.49,117.65,121.4,1520836
2019-04-01,125.03,131.6,123.69,126.2,2274642
2019-04-02,126.18,128.87,120.87,124.47,1801840
2019-04-03,123.0,124.0,119.11,124.0,1401701
2019-04-04,125.0,125.5,120.0,124.78,1234240
2019-04-08,124.78,126.85,114.2,121.04,1798960
2019-04-09,117.02,122.73,117.02,120.02,984199
2019-04-10,119.89,128.58,118.88,124.42,1912716
2019-04-11,125.9,128.19,118.78,122.17,1982331
2019-04-12,121.98,122.35,117.0,118.31,901221
2019-04-15,121.0,124.99,120.01,121.59,1154978
2019-04-16,120.98,120.98,116.5,120.46,706639
2019-04-17,120.5,122.3,118.28,121.3,850128
2019-04-18,122.25,127.0,120.0,123.76,947240
2019-04-19,123.95,125.2,120.0,121.0,742450
2019-04-22,120.95,121.48,113.0,116.56,1641385
2019-04-23,116.77,119.75,116.4,118.23,1052415
2019-04-24,119.72,122.0,117.0,118.11,570605
2019-04-25,118.43,119.78,115.0,116.45,504326
2019-04-26,114.7,117.53,114.0,115.62,727530
2019-04-29,115.58,117.5,115.0,116.35,466190
2019-04-30,117.08,122.37,115.6,120.04,1054343
2019-05-06,118.0,118.0,112.02,115.44,870217
2019-05-07,115.44,117.32,112.0,114.0,832204
2019-05-08,112.99,112.99,108.6,109.18,953060
2019-05-09,107.9,107.9,101.5,104.9,1242224
2019-05-10,106.18,110.98,106.18,109.95,1096744
2019-05-13,112.0,112.0,107.8,109.5,732749
2019-05-14,106.12,110.8,106.12,108.88,773380
2019-05-15,108.88,110.94,107.3,109.75,605017
2019-05-16,110.01,113.5,108.47,112.4,779465
2019-05-17,112.74,112.74,106.0,109.45,843736
2019-05-20,108.0,109.61,102.88,109.2,1110545
2019-05-21,107.8,112.86,106.05,111.43,649596
2019-05-22,112.11,115.0,109.35,110.99,679092
2019-05-23,110.77,112.9,106.4,107.38,742861
2019-05-24,107.1,113.88,107.01,111.18,980233
2019-05-27,114.83,114.83,107.12,111.08,829460
2019-05-28,109.07,112.17,108.7,112.12,611138
2019-05-29,109.01,112.28,108.8,111.4,402183
2019-05-30,111.99,112.47,108.5,112.36,591958
2019-05-31,112.36,116.1,110.32,114.1,751778
2019-06-03,116.0,119.98,114.02,117.66,1062754
2019-06-04,116.88,119.16,115.8,118.2,436831
2019-06-05,117.2,119.71,116.5,116.5,490227
2019-06-06,116.5,117.95,112.11,114.93,511790
2019-06-10,116.5,116.5,111.23,112.72,565838
2019-06-11,113.0,115.4,112.78,114.7,479061
2019-06-12,115.23,115.77,111.59,112.49,557978
2019-06-13,111.51,113.55,110.22,112.03,351453
2019-06-14,112.34,112.34,109.6,110.0,409230
2019-06-17,109.15,110.47,103.66,104.9,1252109
2019-06-18,105.41,105.8,102.58,103.18,888247
2019-06-19,105.4,109.33,105.01,107.3,944078
2019-06-20,108.3,109.79,106.3,108.32,656677
2019-06-21,108.7,110.38,105.81,106.72,919035
2019-06-24,104.22,106.39,104.22,105.95,864114
2019-06-25,105.84,105.98,103.8,105.1,825211
2019-06-26,104.99,105.7,102.89,103.98,1079918
2019-06-27,104.0,107.15,103.5,105.91,1437832
2019-06-28,105.66,108.0,103.37,107.62,940573
2019-07-01,107.98,111.0,107.98,109.92,918592
2019-07-02,109.98,113.13,109.98,112.78,922004
2019-07-03,111.78,113.56,108.8,109.5,886285
2019-07-04,108.23,113.41,108.23,112.01,903211
2019-07-05,110.23,112.68,108.02,111.54,790579
2019-07-08,110.72,112.5,108.21,109.94,499608
2019-07-09,108.88,112.5,108.88,111.03,556015
2019-07-10,110.37,111.6,108.4,109.08,497148
2019-07-11,108.91,111.48,108.91,110.73,405828
2019-07-12,111.59,111.59,107.28,108.3,927442
2019-07-15,108.76,112.2,106.51,112.0,845834
2019-07-16,111.6,111.89,107.4,108.05,941401
2019-07-17,108.05,108.05,105.68,106.19,751170
2019-07-18,105.32,107.19,104.05,106.3,518896
2019-07-19,106.51,107.71,104.62,105.6,568232
2019-07-22,106.49,106.49,103.15,104.72,504719
2019-07-23,105.19,106.13,103.62,105.49,391122
2019-07-24,105.5,107.3,104.61,106.75,531598
2019-07-25,107.0,107.46,105.18,105.5,582774
2019-07-26,105.0,105.68,103.87,103.92,733284
2019-07-29,101.0,104.5,99.58,104.37,1356557
2019-07-30,103.86,106.5,103.16,106.06,882687
2019-07-31,105.91,107.3,103.33,103.98,928870
2019-08-01,103.78,103.78,95.51,98.39,2596267
2019-08-02,97.0,99.8,95.55,99.28,1298367
2019-08-05,98.98,100.6,96.53,97.85,715303
2019-08-06,96.48,98.98,95.48,98.05,574927
2019-08-07,98.0,98.93,96.06,97.05,538438
2019-08-08,97.2,98.05,96.25,97.0,464113
2019-08-09,97.41,98.51,96.78,97.89,463889
2019-08-12,97.5,98.45,96.3,97.63,732417
2019-08-13,97.63,98.95,96.99,98.05,384266
2019-08-14,98.88,103.48,98.88,103.4,1166599
2019-08-15,101.01,104.44,100.68,103.3,1150113
2019-08-16,104.5,106.5,102.67,105.7,1117359
2019-08-19,105.76,112.0,105.21,111.78,1469852
2019-08-20,112.79,112.79,110.06,111.27,724181
2019-08-21,111.83,112.58,109.05,110.6,1447323
2019-08-22,111.34,113.88,109.37,112.07,878274
2019-08-23,113.5,113.5,110.0,111.78,895053
2019-08-26,111.0,111.9,108.95,110.77,870116
2019-08-27,111.02,113.0,110.37,112.8,1306465
2019-08-28,112.8,116.5,112.23,115.0,1114110
2019-08-29,115.97,118.28,114.36,117.6,974311
2019-08-30,120.0,121.42,117.02,120.26,1063932
2019-09-02,120.22,120.85,118.0,119.49,1594135
2019-09-03,119.0,121.0,118.1,119.41,649673
2019-09-04,120.5,123.1,118.35,119.99,805933
2019-09-05,119.3,124.5,119.3,122.49,1304923
2019-09-06,120.11,122.15,115.3,118.8,1480121
2019-09-09,121.33,121.6,116.6,119.43,1627347
2019-09-10,118.6,121.65,117.01,121.0,1164702
2019-09-11,121.0,121.3,116.61,121.13,1081725
2019-09-12,120.96,121.29,117.15,120.9,1053649
2019-09-16,117.0,120.38,117.0,118.85,593911
2019-09-17,118.67,120.63,117.2,118.51,762271
2019-09-18,119.31,119.31,116.5,117.99,566762
2019-09-19,118.89,120.68,117.73,119.53,861034
2019-09-20,120.38,120.5,117.3,118.79,830752
2019-09-23,118.8,118.8,116.0,116.85,540805
2019-09-24,116.48,118.49,116.01,117.19,623332
2019-09-25,116.42,117.1,113.6,114.44,1003208
2019-09-26,115.0,116.76,112.33,113.2,1044026
2019-09-27,113.2,113.88,111.0,111.63,938480
2019-09-30,113.1,113.33,109.44,111.46,1409004
2019-10-08,110.16,111.77,108.95,109.18,1050752
2019-10-09,109.16,111.36,107.5,110.15,696071
2019-10-10,110.15,111.86,109.12,110.47,589376
2019-10-11,111.12,112.4,109.29,111.32,932473
2019-10-14,112.4,116.47,111.12,115.71,1084014
2019-10-15,114.2,115.99,112.49,112.87,529176
2019-10-16,112.72,119.26,112.66,118.12,1046488
2019-10-17,117.66,118.64,115.08,116.35,915784
2019-10-18,115.97,116.99,114.33,116.6,703530
2019-10-21,115.95,118.2,113.34,115.32,717233
2019-10-22,116.2,119.0,115.0,118.62,623993
2019-10-23,117.96,121.97,117.5,119.0,613774
2019-10-24,118.66,119.8,116.0,116.84,573845
2019-10-25,117.16,118.97,115.88,116.78,693056
2019-10-28,116.6,119.81,116.5,117.58,603129
2019-10-29,119.5,119.5,114.75,115.83,1642645
2019-10-30,114.9,115.0,109.5,111.01,2696964
2019-10-31,111.9,111.9,109.5,110.4,1114204
2019-11-01,109.66,110.74,106.55,107.7,1840443
2019-11-04,108.18,112.5,108.15,111.81,2275371
2019-11-05,112.0,115.8,108.33,113.88,1578115
2019-11-06,115.3,115.3,112.51,113.94,1193340
2019-11-07,111.99,114.73,111.99,112.54,715714
2019-11-08,113.18,115.66,112.01,112.5,1052621
2019-11-11,111.98,112.87,108.6,109.31,837156
2019-11-12,110.7,110.7,107.41,108.78,665345
2019-11-13,107.87,109.78,107.09,108.83,773771
2019-11-14,108.44,108.44,105.61,105.7,1163127
2019-11-15,105.99,107.68,103.88,104.0,1291129
2019-11-18,104.0,104.92,99.98,103.13,2182532
2019-11-19,103.5,105.74,102.9,104.39,1395791
2019-11-20,104.6,106.27,101.68,102.2,1365569
2019-11-21,101.64,102.5,100.12,100.8,1140291
2019-11-22,100.49,101.8,99.81,99.88,871793
2019-11-25,99.97,100.7,97.2,99.82,1118628
2019-11-26,100.2,102.49,98.6,101.7,1374494
2019-11-27,101.46,102.66,100.76,101.96,770900
2019-11-28,101.73,102.09,99.88,100.4,863726
2019-11-29,100.83,101.0,98.7,99.0,839766
2019-12-02,98.01,103.25,98.01,102.36,1428910
2019-12-03,101.85,103.69,101.02,102.31,858182
2019-12-04,101.74,102.68,99.89,102.19,732061
2019-12-05,102.11,102.9,100.81,100.9,974856
2019-12-06,101.6,101.6,100.14,100.96,574111
2019-12-09,101.0,101.0,99.22,100.19,1018754
2019-12-10,100.0,100.31,98.23,98.99,1034844
2019-12-11,98.8,98.99,97.3,98.5,1164058
2019-12-12,98.3,100.0,97.2,99.66,880735
2019-12-13,100.0,102.32,99.41,101.3,1475866
2019-12-16,101.99,102.0,98.38,98.87,2344844
2019-12-17,99.0,104.99,98.51,104.99,2854726
2019-12-18,105.18,111.43,104.01,111.1,3251140
2019-12-19,111.99,111.99,105.5,105.93,2283520
2019-12-20,106.68,107.35,104.52,106.71,1226863
2019-12-23,105.18,113.98,105.01,111.01,2844662
2019-12-24,111.0,113.61,110.0,110.5,1082003
2019-12-25,110.81,112.75,109.01,111.06,686391
2019-12-26,110.96,115.38,110.04,114.63,1270702
2019-12-27,114.65,117.28,113.13,114.62,1076866
2019-12-30,114.62,116.88,113.55,115.9,1259772
2019-12-31,116.9,117.88,115.2,117.0,796969
2020-01-02,117.0,119.79,116.14,116.68,916046
2020-01-03,117.0,118.9,115.2,116.54,1209831
2020-01-06,114.0,117.0,113.64,114.0,1647765
2020-01-07,115.5,117.58,113.02,116.6,1041406
2020-01-08,115.26,117.5,114.0,116.4,882521
2020-01-09,116.5,119.28,116.4,119.0,1078744
2020-01-10,119.0,119.48,117.67,119.25,567836
2020-01-13,116.5,118.24,113.88,116.78,1308129
2020-01-14,117.0,117.0,113.0,113.7,1468689
2020-01-15,113.7,114.78,111.21,113.62,1051176
2020-01-16,115.0,120.5,114.63,117.55,2181776
2020-01-17,118.1,121.51,117.56,121.0,1973684
2020-01-20,121.28,125.15,118.47,124.36,1909649
2020-01-21,124.23,125.0,121.0,122.1,997259
2020-01-22,118.06,121.11,115.25,119.76,1874009
2020-01-23,117.74,118.37,110.14,113.0,2187461
